{
    "resourceNameTruncated": "vaxtraee0b0145",
    "userPoolName": "VaxTrace",
    "autoVerifiedAttributes": [
        "email"
    ],
    "mfaConfiguration": "OFF",
    "mfaTypes": [
        "SMS Text Message"
    ],
    "smsAuthenticationMessage": "Your authentication code is {####}",
    "smsVerificationMessage": "Your verification code is {####}",
    "emailVerificationSubject": "Your verification code",
    "emailVerificationMessage": "Your verification code is {####}",
    "defaultPasswordPolicy": false,
    "passwordPolicyMinLength": 8,
    "passwordPolicyCharacters": [],
    "requiredAttributes": [
        "email",
        "name"
    ],
    "userpoolClientGenerateSecret": true,
    "userpoolClientRefreshTokenValidity": 30,
    "userpoolClientWriteAttributes": [
        "given_name",
        "email",
        "name"
    ],
    "userpoolClientReadAttributes": [
        "email"
    ],
    "userpoolClientLambdaRole": "VaxTraee0b0145_userpoolclient_lambda_role",
    "userpoolClientSetAttributes": true,
    "sharedId": "ee0b0145",
    "resourceName": "VaxTrace",
    "authSelections": "userPoolOnly",
    "authRoleArn": {
        "Fn::GetAtt": [
            "AuthRole",
            "Arn"
        ]
    },
    "unauthRoleArn": {
        "Fn::GetAtt": [
            "UnauthRole",
            "Arn"
        ]
    },
    "serviceName": "Cognito",
    "usernameAttributes": [
        "email"
    ],
    "useDefault": "manual",
    "userPoolGroups": true,
    "userPoolGroupList": [
        "Parents",
        "MedicalPersonnel"
    ],
    "adminQueries": false,
    "usernameCaseSensitive": false,
    "dependsOn": [
        {
            "category": "function",
            "resourceName": "VaxTracePostConfirmation",
            "triggerProvider": "Cognito",
            "attributes": [
                "Arn",
                "Name"
            ]
        }
    ],
    "triggers": "{\n  \"PostConfirmation\": [\n    \"add-to-group\"\n  ]\n}",
    "hostedUI": false,
    "parentStack": {
        "Ref": "AWS::StackId"
    },
    "permissions": [
        "{\n  \"policyName\": \"AddToGroupCognito\",\n  \"trigger\": \"PostConfirmation\",\n  \"effect\": \"Allow\",\n  \"actions\": [\n    \"cognito-idp:AdminAddUserToGroup\",\n    \"cognito-idp:GetGroup\",\n    \"cognito-idp:CreateGroup\"\n  ],\n  \"resource\": {\n    \"paramType\": \"!GetAtt\",\n    \"keys\": [\n      \"UserPool\",\n      \"Arn\"\n    ]\n  }\n}"
    ]
}