{
  "trigger": true,
  "modules": [
    "add-to-group"
  ],
  "parentResource": "VaxTrace",
  "functionName": "VaxTracePostConfirmation",
  "resourceName": "VaxTracePostConfirmation",
  "parentStack": "auth",
  "triggerEnvs": [],
  "triggerDir": "/usr/lib/node_modules/@aws-amplify/cli/node_modules/amplify-category-auth/provider-utils/awscloudformation/triggers/PostConfirmation",
  "triggerTemplate": "PostConfirmation.json.ejs",
  "roleName": "VaxTracePostConfirmation",
  "skipEdit": true,
  "GROUP": "MedicalPersonnel",
  "enableCors": false
}